{"limit":20,"market":"US","seed_artists":"4NHQUGzhtTLFvgF5SZesLK","target_danceability":0.6640937499999999,"min_danceability":0.313,"max_danceability":0.92,"target_energy":0.721875,"min_energy":0.448,"max_energy":0.953,"target_key":5.140625,"min_key":0,"max_key":11,"target_loudness":-6.176359374999998,"min_loudness":-16.765,"max_loudness":-2.592,"target_mode":0.546875,"min_mode":0,"max_mode":1,"target_speechiness":0.08182187500000002,"min_speechiness":0.0269,"max_speechiness":0.291,"target_acousticness":0.16775898437500006,"min_acousticness":0.000568,"max_acousticness":0.794,"target_instrumentalness":0.041493810625,"min_instrumentalness":0,"max_instrumentalness":0.818,"target_liveness":0.18379531249999995,"min_liveness":0.0562,"max_liveness":0.6,"target_valence":0.5773734375000001,"min_valence":0.0399,"max_valence":0.978,"target_tempo":123.66378124999997,"min_tempo":79.928,"max_tempo":193.434}